Index,Title,Summary,Sentiment,Entity,Label
1,Sara Sharif family court judges named after appeal,Judges who oversaw Family Court hearings before Sara was murdered have been named after an appeal by the BBC and others.,-0.4166666666666667,Australia,GPE
1,Sara Sharif family court judges named after appeal,Judges who oversaw Family Court hearings before Sara was murdered have been named after an appeal by the BBC and others.,-0.4166666666666667,England,GPE
1,Sara Sharif family court judges named after appeal,Judges who oversaw Family Court hearings before Sara was murdered have been named after an appeal by the BBC and others.,-0.4166666666666667,Australia,GPE
1,Sara Sharif family court judges named after appeal,Judges who oversaw Family Court hearings before Sara was murdered have been named after an appeal by the BBC and others.,-0.4166666666666667,Annabel Sutherland,ORG
1,Sara Sharif family court judges named after appeal,Judges who oversaw Family Court hearings before Sara was murdered have been named after an appeal by the BBC and others.,-0.4166666666666667,163,CARDINAL
1,Sara Sharif family court judges named after appeal,Judges who oversaw Family Court hearings before Sara was murdered have been named after an appeal by the BBC and others.,-0.4166666666666667,England,GPE
1,Sara Sharif family court judges named after appeal,Judges who oversaw Family Court hearings before Sara was murdered have been named after an appeal by the BBC and others.,-0.4166666666666667,seven,CARDINAL
1,Sara Sharif family court judges named after appeal,Judges who oversaw Family Court hearings before Sara was murdered have been named after an appeal by the BBC and others.,-0.4166666666666667,day two,DATE
1,Sara Sharif family court judges named after appeal,Judges who oversaw Family Court hearings before Sara was murdered have been named after an appeal by the BBC and others.,-0.4166666666666667,one,CARDINAL
1,Sara Sharif family court judges named after appeal,Judges who oversaw Family Court hearings before Sara was murdered have been named after an appeal by the BBC and others.,-0.4166666666666667,Women's Ashes Test,WORK_OF_ART
1,Sara Sharif family court judges named after appeal,Judges who oversaw Family Court hearings before Sara was murdered have been named after an appeal by the BBC and others.,-0.4166666666666667,Melbourne,GPE
2,Woman's body found in search for missing sisters last seen in Aberdeen,Police say the family of Henrietta Huszti has been informed and the search for her sister Eliza continues.,-0.4166666666666667,Australia,GPE
2,Woman's body found in search for missing sisters last seen in Aberdeen,Police say the family of Henrietta Huszti has been informed and the search for her sister Eliza continues.,-0.4166666666666667,England,GPE
2,Woman's body found in search for missing sisters last seen in Aberdeen,Police say the family of Henrietta Huszti has been informed and the search for her sister Eliza continues.,-0.4166666666666667,Australia,GPE
2,Woman's body found in search for missing sisters last seen in Aberdeen,Police say the family of Henrietta Huszti has been informed and the search for her sister Eliza continues.,-0.4166666666666667,Annabel Sutherland,ORG
2,Woman's body found in search for missing sisters last seen in Aberdeen,Police say the family of Henrietta Huszti has been informed and the search for her sister Eliza continues.,-0.4166666666666667,163,CARDINAL
2,Woman's body found in search for missing sisters last seen in Aberdeen,Police say the family of Henrietta Huszti has been informed and the search for her sister Eliza continues.,-0.4166666666666667,England,GPE
2,Woman's body found in search for missing sisters last seen in Aberdeen,Police say the family of Henrietta Huszti has been informed and the search for her sister Eliza continues.,-0.4166666666666667,seven,CARDINAL
2,Woman's body found in search for missing sisters last seen in Aberdeen,Police say the family of Henrietta Huszti has been informed and the search for her sister Eliza continues.,-0.4166666666666667,day two,DATE
2,Woman's body found in search for missing sisters last seen in Aberdeen,Police say the family of Henrietta Huszti has been informed and the search for her sister Eliza continues.,-0.4166666666666667,one,CARDINAL
2,Woman's body found in search for missing sisters last seen in Aberdeen,Police say the family of Henrietta Huszti has been informed and the search for her sister Eliza continues.,-0.4166666666666667,Women's Ashes Test,WORK_OF_ART
2,Woman's body found in search for missing sisters last seen in Aberdeen,Police say the family of Henrietta Huszti has been informed and the search for her sister Eliza continues.,-0.4166666666666667,Melbourne,GPE
3,"Teenage skaters, a young pilot and a professor - the victims of DC plane crash",The victims of the mid-air collision include dedicated flight attendants and talented ice skaters.,-0.4166666666666667,Australia,GPE
3,"Teenage skaters, a young pilot and a professor - the victims of DC plane crash",The victims of the mid-air collision include dedicated flight attendants and talented ice skaters.,-0.4166666666666667,England,GPE
3,"Teenage skaters, a young pilot and a professor - the victims of DC plane crash",The victims of the mid-air collision include dedicated flight attendants and talented ice skaters.,-0.4166666666666667,Australia,GPE
3,"Teenage skaters, a young pilot and a professor - the victims of DC plane crash",The victims of the mid-air collision include dedicated flight attendants and talented ice skaters.,-0.4166666666666667,Annabel Sutherland,ORG
3,"Teenage skaters, a young pilot and a professor - the victims of DC plane crash",The victims of the mid-air collision include dedicated flight attendants and talented ice skaters.,-0.4166666666666667,163,CARDINAL
3,"Teenage skaters, a young pilot and a professor - the victims of DC plane crash",The victims of the mid-air collision include dedicated flight attendants and talented ice skaters.,-0.4166666666666667,England,GPE
3,"Teenage skaters, a young pilot and a professor - the victims of DC plane crash",The victims of the mid-air collision include dedicated flight attendants and talented ice skaters.,-0.4166666666666667,seven,CARDINAL
3,"Teenage skaters, a young pilot and a professor - the victims of DC plane crash",The victims of the mid-air collision include dedicated flight attendants and talented ice skaters.,-0.4166666666666667,day two,DATE
3,"Teenage skaters, a young pilot and a professor - the victims of DC plane crash",The victims of the mid-air collision include dedicated flight attendants and talented ice skaters.,-0.4166666666666667,one,CARDINAL
3,"Teenage skaters, a young pilot and a professor - the victims of DC plane crash",The victims of the mid-air collision include dedicated flight attendants and talented ice skaters.,-0.4166666666666667,Women's Ashes Test,WORK_OF_ART
3,"Teenage skaters, a young pilot and a professor - the victims of DC plane crash",The victims of the mid-air collision include dedicated flight attendants and talented ice skaters.,-0.4166666666666667,Melbourne,GPE
4,Prince Andrew emails show contact with Epstein lasted beyond 2010,Court documents suggest the two remained in touch beyond when the Duke of York said they stopped communicating.,-0.4166666666666667,Australia,GPE
4,Prince Andrew emails show contact with Epstein lasted beyond 2010,Court documents suggest the two remained in touch beyond when the Duke of York said they stopped communicating.,-0.4166666666666667,England,GPE
4,Prince Andrew emails show contact with Epstein lasted beyond 2010,Court documents suggest the two remained in touch beyond when the Duke of York said they stopped communicating.,-0.4166666666666667,Australia,GPE
4,Prince Andrew emails show contact with Epstein lasted beyond 2010,Court documents suggest the two remained in touch beyond when the Duke of York said they stopped communicating.,-0.4166666666666667,Annabel Sutherland,ORG
4,Prince Andrew emails show contact with Epstein lasted beyond 2010,Court documents suggest the two remained in touch beyond when the Duke of York said they stopped communicating.,-0.4166666666666667,163,CARDINAL
4,Prince Andrew emails show contact with Epstein lasted beyond 2010,Court documents suggest the two remained in touch beyond when the Duke of York said they stopped communicating.,-0.4166666666666667,England,GPE
4,Prince Andrew emails show contact with Epstein lasted beyond 2010,Court documents suggest the two remained in touch beyond when the Duke of York said they stopped communicating.,-0.4166666666666667,seven,CARDINAL
4,Prince Andrew emails show contact with Epstein lasted beyond 2010,Court documents suggest the two remained in touch beyond when the Duke of York said they stopped communicating.,-0.4166666666666667,day two,DATE
4,Prince Andrew emails show contact with Epstein lasted beyond 2010,Court documents suggest the two remained in touch beyond when the Duke of York said they stopped communicating.,-0.4166666666666667,one,CARDINAL
4,Prince Andrew emails show contact with Epstein lasted beyond 2010,Court documents suggest the two remained in touch beyond when the Duke of York said they stopped communicating.,-0.4166666666666667,Women's Ashes Test,WORK_OF_ART
4,Prince Andrew emails show contact with Epstein lasted beyond 2010,Court documents suggest the two remained in touch beyond when the Duke of York said they stopped communicating.,-0.4166666666666667,Melbourne,GPE
5,English farmland could be cut by 9% to hit green targets,The government's launches a consultation on converting farmland to woodland and wild habitats.,-0.4166666666666667,Australia,GPE
5,English farmland could be cut by 9% to hit green targets,The government's launches a consultation on converting farmland to woodland and wild habitats.,-0.4166666666666667,England,GPE
5,English farmland could be cut by 9% to hit green targets,The government's launches a consultation on converting farmland to woodland and wild habitats.,-0.4166666666666667,Australia,GPE
5,English farmland could be cut by 9% to hit green targets,The government's launches a consultation on converting farmland to woodland and wild habitats.,-0.4166666666666667,Annabel Sutherland,ORG
5,English farmland could be cut by 9% to hit green targets,The government's launches a consultation on converting farmland to woodland and wild habitats.,-0.4166666666666667,163,CARDINAL
5,English farmland could be cut by 9% to hit green targets,The government's launches a consultation on converting farmland to woodland and wild habitats.,-0.4166666666666667,England,GPE
5,English farmland could be cut by 9% to hit green targets,The government's launches a consultation on converting farmland to woodland and wild habitats.,-0.4166666666666667,seven,CARDINAL
5,English farmland could be cut by 9% to hit green targets,The government's launches a consultation on converting farmland to woodland and wild habitats.,-0.4166666666666667,day two,DATE
5,English farmland could be cut by 9% to hit green targets,The government's launches a consultation on converting farmland to woodland and wild habitats.,-0.4166666666666667,one,CARDINAL
5,English farmland could be cut by 9% to hit green targets,The government's launches a consultation on converting farmland to woodland and wild habitats.,-0.4166666666666667,Women's Ashes Test,WORK_OF_ART
5,English farmland could be cut by 9% to hit green targets,The government's launches a consultation on converting farmland to woodland and wild habitats.,-0.4166666666666667,Melbourne,GPE
6,Faisal Islam: The 'Iron Chancellor' will have to flex to get the growth she wants,"In choppy global seas, going for growth is going to require some tricky navigation - and it will make big domestic political waves too",-0.4166666666666667,Australia,GPE
6,Faisal Islam: The 'Iron Chancellor' will have to flex to get the growth she wants,"In choppy global seas, going for growth is going to require some tricky navigation - and it will make big domestic political waves too",-0.4166666666666667,England,GPE
6,Faisal Islam: The 'Iron Chancellor' will have to flex to get the growth she wants,"In choppy global seas, going for growth is going to require some tricky navigation - and it will make big domestic political waves too",-0.4166666666666667,Australia,GPE
6,Faisal Islam: The 'Iron Chancellor' will have to flex to get the growth she wants,"In choppy global seas, going for growth is going to require some tricky navigation - and it will make big domestic political waves too",-0.4166666666666667,Annabel Sutherland,ORG
6,Faisal Islam: The 'Iron Chancellor' will have to flex to get the growth she wants,"In choppy global seas, going for growth is going to require some tricky navigation - and it will make big domestic political waves too",-0.4166666666666667,163,CARDINAL
6,Faisal Islam: The 'Iron Chancellor' will have to flex to get the growth she wants,"In choppy global seas, going for growth is going to require some tricky navigation - and it will make big domestic political waves too",-0.4166666666666667,England,GPE
6,Faisal Islam: The 'Iron Chancellor' will have to flex to get the growth she wants,"In choppy global seas, going for growth is going to require some tricky navigation - and it will make big domestic political waves too",-0.4166666666666667,seven,CARDINAL
6,Faisal Islam: The 'Iron Chancellor' will have to flex to get the growth she wants,"In choppy global seas, going for growth is going to require some tricky navigation - and it will make big domestic political waves too",-0.4166666666666667,day two,DATE
6,Faisal Islam: The 'Iron Chancellor' will have to flex to get the growth she wants,"In choppy global seas, going for growth is going to require some tricky navigation - and it will make big domestic political waves too",-0.4166666666666667,one,CARDINAL
6,Faisal Islam: The 'Iron Chancellor' will have to flex to get the growth she wants,"In choppy global seas, going for growth is going to require some tricky navigation - and it will make big domestic political waves too",-0.4166666666666667,Women's Ashes Test,WORK_OF_ART
6,Faisal Islam: The 'Iron Chancellor' will have to flex to get the growth she wants,"In choppy global seas, going for growth is going to require some tricky navigation - and it will make big domestic political waves too",-0.4166666666666667,Melbourne,GPE
7,Wine and spirits duty to rise but tax on a pint to fall,"A trade body calls the rise in alcohol tax a ""bitter blow"", but there is better news for pub-goers.",-0.4166666666666667,Australia,GPE
7,Wine and spirits duty to rise but tax on a pint to fall,"A trade body calls the rise in alcohol tax a ""bitter blow"", but there is better news for pub-goers.",-0.4166666666666667,England,GPE
7,Wine and spirits duty to rise but tax on a pint to fall,"A trade body calls the rise in alcohol tax a ""bitter blow"", but there is better news for pub-goers.",-0.4166666666666667,Australia,GPE
7,Wine and spirits duty to rise but tax on a pint to fall,"A trade body calls the rise in alcohol tax a ""bitter blow"", but there is better news for pub-goers.",-0.4166666666666667,Annabel Sutherland,ORG
7,Wine and spirits duty to rise but tax on a pint to fall,"A trade body calls the rise in alcohol tax a ""bitter blow"", but there is better news for pub-goers.",-0.4166666666666667,163,CARDINAL
7,Wine and spirits duty to rise but tax on a pint to fall,"A trade body calls the rise in alcohol tax a ""bitter blow"", but there is better news for pub-goers.",-0.4166666666666667,England,GPE
7,Wine and spirits duty to rise but tax on a pint to fall,"A trade body calls the rise in alcohol tax a ""bitter blow"", but there is better news for pub-goers.",-0.4166666666666667,seven,CARDINAL
7,Wine and spirits duty to rise but tax on a pint to fall,"A trade body calls the rise in alcohol tax a ""bitter blow"", but there is better news for pub-goers.",-0.4166666666666667,day two,DATE
7,Wine and spirits duty to rise but tax on a pint to fall,"A trade body calls the rise in alcohol tax a ""bitter blow"", but there is better news for pub-goers.",-0.4166666666666667,one,CARDINAL
7,Wine and spirits duty to rise but tax on a pint to fall,"A trade body calls the rise in alcohol tax a ""bitter blow"", but there is better news for pub-goers.",-0.4166666666666667,Women's Ashes Test,WORK_OF_ART
7,Wine and spirits duty to rise but tax on a pint to fall,"A trade body calls the rise in alcohol tax a ""bitter blow"", but there is better news for pub-goers.",-0.4166666666666667,Melbourne,GPE
8,Ukrainians can bring children to UK as visa changes reversed,Charities say changes brought in without notice last February left families torn apart.,-0.4166666666666667,Australia,GPE
8,Ukrainians can bring children to UK as visa changes reversed,Charities say changes brought in without notice last February left families torn apart.,-0.4166666666666667,England,GPE
8,Ukrainians can bring children to UK as visa changes reversed,Charities say changes brought in without notice last February left families torn apart.,-0.4166666666666667,Australia,GPE
8,Ukrainians can bring children to UK as visa changes reversed,Charities say changes brought in without notice last February left families torn apart.,-0.4166666666666667,Annabel Sutherland,ORG
8,Ukrainians can bring children to UK as visa changes reversed,Charities say changes brought in without notice last February left families torn apart.,-0.4166666666666667,163,CARDINAL
8,Ukrainians can bring children to UK as visa changes reversed,Charities say changes brought in without notice last February left families torn apart.,-0.4166666666666667,England,GPE
8,Ukrainians can bring children to UK as visa changes reversed,Charities say changes brought in without notice last February left families torn apart.,-0.4166666666666667,seven,CARDINAL
8,Ukrainians can bring children to UK as visa changes reversed,Charities say changes brought in without notice last February left families torn apart.,-0.4166666666666667,day two,DATE
8,Ukrainians can bring children to UK as visa changes reversed,Charities say changes brought in without notice last February left families torn apart.,-0.4166666666666667,one,CARDINAL
8,Ukrainians can bring children to UK as visa changes reversed,Charities say changes brought in without notice last February left families torn apart.,-0.4166666666666667,Women's Ashes Test,WORK_OF_ART
8,Ukrainians can bring children to UK as visa changes reversed,Charities say changes brought in without notice last February left families torn apart.,-0.4166666666666667,Melbourne,GPE
9,Five key impacts of Brexit five years on,The UK left the European Union on 31 January 2020.,-0.4166666666666667,Australia,GPE
9,Five key impacts of Brexit five years on,The UK left the European Union on 31 January 2020.,-0.4166666666666667,England,GPE
9,Five key impacts of Brexit five years on,The UK left the European Union on 31 January 2020.,-0.4166666666666667,Australia,GPE
9,Five key impacts of Brexit five years on,The UK left the European Union on 31 January 2020.,-0.4166666666666667,Annabel Sutherland,ORG
9,Five key impacts of Brexit five years on,The UK left the European Union on 31 January 2020.,-0.4166666666666667,163,CARDINAL
9,Five key impacts of Brexit five years on,The UK left the European Union on 31 January 2020.,-0.4166666666666667,England,GPE
9,Five key impacts of Brexit five years on,The UK left the European Union on 31 January 2020.,-0.4166666666666667,seven,CARDINAL
9,Five key impacts of Brexit five years on,The UK left the European Union on 31 January 2020.,-0.4166666666666667,day two,DATE
9,Five key impacts of Brexit five years on,The UK left the European Union on 31 January 2020.,-0.4166666666666667,one,CARDINAL
9,Five key impacts of Brexit five years on,The UK left the European Union on 31 January 2020.,-0.4166666666666667,Women's Ashes Test,WORK_OF_ART
9,Five key impacts of Brexit five years on,The UK left the European Union on 31 January 2020.,-0.4166666666666667,Melbourne,GPE
10,Suspended engineer accused of forging fire safety certificates for high-rise flats,Buyers say they’ve had mortgage offers withdrawn on flats with safety certificates issued by the man’s firm.,-0.4166666666666667,Australia,GPE
10,Suspended engineer accused of forging fire safety certificates for high-rise flats,Buyers say they’ve had mortgage offers withdrawn on flats with safety certificates issued by the man’s firm.,-0.4166666666666667,England,GPE
10,Suspended engineer accused of forging fire safety certificates for high-rise flats,Buyers say they’ve had mortgage offers withdrawn on flats with safety certificates issued by the man’s firm.,-0.4166666666666667,Australia,GPE
10,Suspended engineer accused of forging fire safety certificates for high-rise flats,Buyers say they’ve had mortgage offers withdrawn on flats with safety certificates issued by the man’s firm.,-0.4166666666666667,Annabel Sutherland,ORG
10,Suspended engineer accused of forging fire safety certificates for high-rise flats,Buyers say they’ve had mortgage offers withdrawn on flats with safety certificates issued by the man’s firm.,-0.4166666666666667,163,CARDINAL
10,Suspended engineer accused of forging fire safety certificates for high-rise flats,Buyers say they’ve had mortgage offers withdrawn on flats with safety certificates issued by the man’s firm.,-0.4166666666666667,England,GPE
10,Suspended engineer accused of forging fire safety certificates for high-rise flats,Buyers say they’ve had mortgage offers withdrawn on flats with safety certificates issued by the man’s firm.,-0.4166666666666667,seven,CARDINAL
10,Suspended engineer accused of forging fire safety certificates for high-rise flats,Buyers say they’ve had mortgage offers withdrawn on flats with safety certificates issued by the man’s firm.,-0.4166666666666667,day two,DATE
10,Suspended engineer accused of forging fire safety certificates for high-rise flats,Buyers say they’ve had mortgage offers withdrawn on flats with safety certificates issued by the man’s firm.,-0.4166666666666667,one,CARDINAL
10,Suspended engineer accused of forging fire safety certificates for high-rise flats,Buyers say they’ve had mortgage offers withdrawn on flats with safety certificates issued by the man’s firm.,-0.4166666666666667,Women's Ashes Test,WORK_OF_ART
10,Suspended engineer accused of forging fire safety certificates for high-rise flats,Buyers say they’ve had mortgage offers withdrawn on flats with safety certificates issued by the man’s firm.,-0.4166666666666667,Melbourne,GPE
11,"Father of youngest hostage among three men to be released on Saturday, Hamas says",Yarden Bibas and two others will be exchanged for more Palestinian prisoners in the fourth swap since the ceasefire began.,-0.4166666666666667,Australia,GPE
11,"Father of youngest hostage among three men to be released on Saturday, Hamas says",Yarden Bibas and two others will be exchanged for more Palestinian prisoners in the fourth swap since the ceasefire began.,-0.4166666666666667,England,GPE
11,"Father of youngest hostage among three men to be released on Saturday, Hamas says",Yarden Bibas and two others will be exchanged for more Palestinian prisoners in the fourth swap since the ceasefire began.,-0.4166666666666667,Australia,GPE
11,"Father of youngest hostage among three men to be released on Saturday, Hamas says",Yarden Bibas and two others will be exchanged for more Palestinian prisoners in the fourth swap since the ceasefire began.,-0.4166666666666667,Annabel Sutherland,ORG
11,"Father of youngest hostage among three men to be released on Saturday, Hamas says",Yarden Bibas and two others will be exchanged for more Palestinian prisoners in the fourth swap since the ceasefire began.,-0.4166666666666667,163,CARDINAL
11,"Father of youngest hostage among three men to be released on Saturday, Hamas says",Yarden Bibas and two others will be exchanged for more Palestinian prisoners in the fourth swap since the ceasefire began.,-0.4166666666666667,England,GPE
11,"Father of youngest hostage among three men to be released on Saturday, Hamas says",Yarden Bibas and two others will be exchanged for more Palestinian prisoners in the fourth swap since the ceasefire began.,-0.4166666666666667,seven,CARDINAL
11,"Father of youngest hostage among three men to be released on Saturday, Hamas says",Yarden Bibas and two others will be exchanged for more Palestinian prisoners in the fourth swap since the ceasefire began.,-0.4166666666666667,day two,DATE
11,"Father of youngest hostage among three men to be released on Saturday, Hamas says",Yarden Bibas and two others will be exchanged for more Palestinian prisoners in the fourth swap since the ceasefire began.,-0.4166666666666667,one,CARDINAL
11,"Father of youngest hostage among three men to be released on Saturday, Hamas says",Yarden Bibas and two others will be exchanged for more Palestinian prisoners in the fourth swap since the ceasefire began.,-0.4166666666666667,Women's Ashes Test,WORK_OF_ART
11,"Father of youngest hostage among three men to be released on Saturday, Hamas says",Yarden Bibas and two others will be exchanged for more Palestinian prisoners in the fourth swap since the ceasefire began.,-0.4166666666666667,Melbourne,GPE
12,The investigation: What we know so far,"Sixty-seven people are believed to have died in Wednesday's disaster, which is being investigated.",-0.4166666666666667,Australia,GPE
12,The investigation: What we know so far,"Sixty-seven people are believed to have died in Wednesday's disaster, which is being investigated.",-0.4166666666666667,England,GPE
12,The investigation: What we know so far,"Sixty-seven people are believed to have died in Wednesday's disaster, which is being investigated.",-0.4166666666666667,Australia,GPE
12,The investigation: What we know so far,"Sixty-seven people are believed to have died in Wednesday's disaster, which is being investigated.",-0.4166666666666667,Annabel Sutherland,ORG
12,The investigation: What we know so far,"Sixty-seven people are believed to have died in Wednesday's disaster, which is being investigated.",-0.4166666666666667,163,CARDINAL
12,The investigation: What we know so far,"Sixty-seven people are believed to have died in Wednesday's disaster, which is being investigated.",-0.4166666666666667,England,GPE
12,The investigation: What we know so far,"Sixty-seven people are believed to have died in Wednesday's disaster, which is being investigated.",-0.4166666666666667,seven,CARDINAL
12,The investigation: What we know so far,"Sixty-seven people are believed to have died in Wednesday's disaster, which is being investigated.",-0.4166666666666667,day two,DATE
12,The investigation: What we know so far,"Sixty-seven people are believed to have died in Wednesday's disaster, which is being investigated.",-0.4166666666666667,one,CARDINAL
12,The investigation: What we know so far,"Sixty-seven people are believed to have died in Wednesday's disaster, which is being investigated.",-0.4166666666666667,Women's Ashes Test,WORK_OF_ART
12,The investigation: What we know so far,"Sixty-seven people are believed to have died in Wednesday's disaster, which is being investigated.",-0.4166666666666667,Melbourne,GPE
13,Combative Trump blames diversity policies,"The president started his White House news conference as ""consoler-in-chief"" but then pivoted into unevidenced political blame, writes the BBC's Anthony Zurcher.",-0.4166666666666667,Australia,GPE
13,Combative Trump blames diversity policies,"The president started his White House news conference as ""consoler-in-chief"" but then pivoted into unevidenced political blame, writes the BBC's Anthony Zurcher.",-0.4166666666666667,England,GPE
13,Combative Trump blames diversity policies,"The president started his White House news conference as ""consoler-in-chief"" but then pivoted into unevidenced political blame, writes the BBC's Anthony Zurcher.",-0.4166666666666667,Australia,GPE
13,Combative Trump blames diversity policies,"The president started his White House news conference as ""consoler-in-chief"" but then pivoted into unevidenced political blame, writes the BBC's Anthony Zurcher.",-0.4166666666666667,Annabel Sutherland,ORG
13,Combative Trump blames diversity policies,"The president started his White House news conference as ""consoler-in-chief"" but then pivoted into unevidenced political blame, writes the BBC's Anthony Zurcher.",-0.4166666666666667,163,CARDINAL
13,Combative Trump blames diversity policies,"The president started his White House news conference as ""consoler-in-chief"" but then pivoted into unevidenced political blame, writes the BBC's Anthony Zurcher.",-0.4166666666666667,England,GPE
13,Combative Trump blames diversity policies,"The president started his White House news conference as ""consoler-in-chief"" but then pivoted into unevidenced political blame, writes the BBC's Anthony Zurcher.",-0.4166666666666667,seven,CARDINAL
13,Combative Trump blames diversity policies,"The president started his White House news conference as ""consoler-in-chief"" but then pivoted into unevidenced political blame, writes the BBC's Anthony Zurcher.",-0.4166666666666667,day two,DATE
13,Combative Trump blames diversity policies,"The president started his White House news conference as ""consoler-in-chief"" but then pivoted into unevidenced political blame, writes the BBC's Anthony Zurcher.",-0.4166666666666667,one,CARDINAL
13,Combative Trump blames diversity policies,"The president started his White House news conference as ""consoler-in-chief"" but then pivoted into unevidenced political blame, writes the BBC's Anthony Zurcher.",-0.4166666666666667,Women's Ashes Test,WORK_OF_ART
13,Combative Trump blames diversity policies,"The president started his White House news conference as ""consoler-in-chief"" but then pivoted into unevidenced political blame, writes the BBC's Anthony Zurcher.",-0.4166666666666667,Melbourne,GPE
14,The questions that need to be answered,The BBC's Analysis Editor Ros Atkins on the unanswered questions around a fatal crash between a commercial airplane and a military helicopter near Washington DC.,-0.4166666666666667,Australia,GPE
14,The questions that need to be answered,The BBC's Analysis Editor Ros Atkins on the unanswered questions around a fatal crash between a commercial airplane and a military helicopter near Washington DC.,-0.4166666666666667,England,GPE
14,The questions that need to be answered,The BBC's Analysis Editor Ros Atkins on the unanswered questions around a fatal crash between a commercial airplane and a military helicopter near Washington DC.,-0.4166666666666667,Australia,GPE
14,The questions that need to be answered,The BBC's Analysis Editor Ros Atkins on the unanswered questions around a fatal crash between a commercial airplane and a military helicopter near Washington DC.,-0.4166666666666667,Annabel Sutherland,ORG
14,The questions that need to be answered,The BBC's Analysis Editor Ros Atkins on the unanswered questions around a fatal crash between a commercial airplane and a military helicopter near Washington DC.,-0.4166666666666667,163,CARDINAL
14,The questions that need to be answered,The BBC's Analysis Editor Ros Atkins on the unanswered questions around a fatal crash between a commercial airplane and a military helicopter near Washington DC.,-0.4166666666666667,England,GPE
14,The questions that need to be answered,The BBC's Analysis Editor Ros Atkins on the unanswered questions around a fatal crash between a commercial airplane and a military helicopter near Washington DC.,-0.4166666666666667,seven,CARDINAL
14,The questions that need to be answered,The BBC's Analysis Editor Ros Atkins on the unanswered questions around a fatal crash between a commercial airplane and a military helicopter near Washington DC.,-0.4166666666666667,day two,DATE
14,The questions that need to be answered,The BBC's Analysis Editor Ros Atkins on the unanswered questions around a fatal crash between a commercial airplane and a military helicopter near Washington DC.,-0.4166666666666667,one,CARDINAL
14,The questions that need to be answered,The BBC's Analysis Editor Ros Atkins on the unanswered questions around a fatal crash between a commercial airplane and a military helicopter near Washington DC.,-0.4166666666666667,Women's Ashes Test,WORK_OF_ART
14,The questions that need to be answered,The BBC's Analysis Editor Ros Atkins on the unanswered questions around a fatal crash between a commercial airplane and a military helicopter near Washington DC.,-0.4166666666666667,Melbourne,GPE
15,How flights are controlled in DC's heavily restricted airspace,Experts say the deadly incident poses grave questions about how a collision was able to happen over the US capital.,-0.4166666666666667,Australia,GPE
15,How flights are controlled in DC's heavily restricted airspace,Experts say the deadly incident poses grave questions about how a collision was able to happen over the US capital.,-0.4166666666666667,England,GPE
15,How flights are controlled in DC's heavily restricted airspace,Experts say the deadly incident poses grave questions about how a collision was able to happen over the US capital.,-0.4166666666666667,Australia,GPE
15,How flights are controlled in DC's heavily restricted airspace,Experts say the deadly incident poses grave questions about how a collision was able to happen over the US capital.,-0.4166666666666667,Annabel Sutherland,ORG
15,How flights are controlled in DC's heavily restricted airspace,Experts say the deadly incident poses grave questions about how a collision was able to happen over the US capital.,-0.4166666666666667,163,CARDINAL
15,How flights are controlled in DC's heavily restricted airspace,Experts say the deadly incident poses grave questions about how a collision was able to happen over the US capital.,-0.4166666666666667,England,GPE
15,How flights are controlled in DC's heavily restricted airspace,Experts say the deadly incident poses grave questions about how a collision was able to happen over the US capital.,-0.4166666666666667,seven,CARDINAL
15,How flights are controlled in DC's heavily restricted airspace,Experts say the deadly incident poses grave questions about how a collision was able to happen over the US capital.,-0.4166666666666667,day two,DATE
15,How flights are controlled in DC's heavily restricted airspace,Experts say the deadly incident poses grave questions about how a collision was able to happen over the US capital.,-0.4166666666666667,one,CARDINAL
15,How flights are controlled in DC's heavily restricted airspace,Experts say the deadly incident poses grave questions about how a collision was able to happen over the US capital.,-0.4166666666666667,Women's Ashes Test,WORK_OF_ART
15,How flights are controlled in DC's heavily restricted airspace,Experts say the deadly incident poses grave questions about how a collision was able to happen over the US capital.,-0.4166666666666667,Melbourne,GPE
16,Billie Eilish and Lady Gaga play LA FireAid show,"The concert, which also featured Dr Dre and Pink, took place to help raise funds to rebuild the LA area.",-0.4166666666666667,Australia,GPE
16,Billie Eilish and Lady Gaga play LA FireAid show,"The concert, which also featured Dr Dre and Pink, took place to help raise funds to rebuild the LA area.",-0.4166666666666667,England,GPE
16,Billie Eilish and Lady Gaga play LA FireAid show,"The concert, which also featured Dr Dre and Pink, took place to help raise funds to rebuild the LA area.",-0.4166666666666667,Australia,GPE
16,Billie Eilish and Lady Gaga play LA FireAid show,"The concert, which also featured Dr Dre and Pink, took place to help raise funds to rebuild the LA area.",-0.4166666666666667,Annabel Sutherland,ORG
16,Billie Eilish and Lady Gaga play LA FireAid show,"The concert, which also featured Dr Dre and Pink, took place to help raise funds to rebuild the LA area.",-0.4166666666666667,163,CARDINAL
16,Billie Eilish and Lady Gaga play LA FireAid show,"The concert, which also featured Dr Dre and Pink, took place to help raise funds to rebuild the LA area.",-0.4166666666666667,England,GPE
16,Billie Eilish and Lady Gaga play LA FireAid show,"The concert, which also featured Dr Dre and Pink, took place to help raise funds to rebuild the LA area.",-0.4166666666666667,seven,CARDINAL
16,Billie Eilish and Lady Gaga play LA FireAid show,"The concert, which also featured Dr Dre and Pink, took place to help raise funds to rebuild the LA area.",-0.4166666666666667,day two,DATE
16,Billie Eilish and Lady Gaga play LA FireAid show,"The concert, which also featured Dr Dre and Pink, took place to help raise funds to rebuild the LA area.",-0.4166666666666667,one,CARDINAL
16,Billie Eilish and Lady Gaga play LA FireAid show,"The concert, which also featured Dr Dre and Pink, took place to help raise funds to rebuild the LA area.",-0.4166666666666667,Women's Ashes Test,WORK_OF_ART
16,Billie Eilish and Lady Gaga play LA FireAid show,"The concert, which also featured Dr Dre and Pink, took place to help raise funds to rebuild the LA area.",-0.4166666666666667,Melbourne,GPE
17,Fixing a historic Wales rugby shirt after being ruined through a wash,A worried Karen Richards contacted The Repair Shop to restore the jersey worn by her late father-in-law against France in 1960.,-0.4166666666666667,Australia,GPE
17,Fixing a historic Wales rugby shirt after being ruined through a wash,A worried Karen Richards contacted The Repair Shop to restore the jersey worn by her late father-in-law against France in 1960.,-0.4166666666666667,England,GPE
17,Fixing a historic Wales rugby shirt after being ruined through a wash,A worried Karen Richards contacted The Repair Shop to restore the jersey worn by her late father-in-law against France in 1960.,-0.4166666666666667,Australia,GPE
17,Fixing a historic Wales rugby shirt after being ruined through a wash,A worried Karen Richards contacted The Repair Shop to restore the jersey worn by her late father-in-law against France in 1960.,-0.4166666666666667,Annabel Sutherland,ORG
17,Fixing a historic Wales rugby shirt after being ruined through a wash,A worried Karen Richards contacted The Repair Shop to restore the jersey worn by her late father-in-law against France in 1960.,-0.4166666666666667,163,CARDINAL
17,Fixing a historic Wales rugby shirt after being ruined through a wash,A worried Karen Richards contacted The Repair Shop to restore the jersey worn by her late father-in-law against France in 1960.,-0.4166666666666667,England,GPE
17,Fixing a historic Wales rugby shirt after being ruined through a wash,A worried Karen Richards contacted The Repair Shop to restore the jersey worn by her late father-in-law against France in 1960.,-0.4166666666666667,seven,CARDINAL
17,Fixing a historic Wales rugby shirt after being ruined through a wash,A worried Karen Richards contacted The Repair Shop to restore the jersey worn by her late father-in-law against France in 1960.,-0.4166666666666667,day two,DATE
17,Fixing a historic Wales rugby shirt after being ruined through a wash,A worried Karen Richards contacted The Repair Shop to restore the jersey worn by her late father-in-law against France in 1960.,-0.4166666666666667,one,CARDINAL
17,Fixing a historic Wales rugby shirt after being ruined through a wash,A worried Karen Richards contacted The Repair Shop to restore the jersey worn by her late father-in-law against France in 1960.,-0.4166666666666667,Women's Ashes Test,WORK_OF_ART
17,Fixing a historic Wales rugby shirt after being ruined through a wash,A worried Karen Richards contacted The Repair Shop to restore the jersey worn by her late father-in-law against France in 1960.,-0.4166666666666667,Melbourne,GPE
18,The search for Ukraine's missing: 'No one could have foreseen this nightmare',"Ukraine has listed more than 61,000 people as missing since 2022 - one daughter shares her heartbreaking story",-0.4166666666666667,Australia,GPE
18,The search for Ukraine's missing: 'No one could have foreseen this nightmare',"Ukraine has listed more than 61,000 people as missing since 2022 - one daughter shares her heartbreaking story",-0.4166666666666667,England,GPE
18,The search for Ukraine's missing: 'No one could have foreseen this nightmare',"Ukraine has listed more than 61,000 people as missing since 2022 - one daughter shares her heartbreaking story",-0.4166666666666667,Australia,GPE
18,The search for Ukraine's missing: 'No one could have foreseen this nightmare',"Ukraine has listed more than 61,000 people as missing since 2022 - one daughter shares her heartbreaking story",-0.4166666666666667,Annabel Sutherland,ORG
18,The search for Ukraine's missing: 'No one could have foreseen this nightmare',"Ukraine has listed more than 61,000 people as missing since 2022 - one daughter shares her heartbreaking story",-0.4166666666666667,163,CARDINAL
18,The search for Ukraine's missing: 'No one could have foreseen this nightmare',"Ukraine has listed more than 61,000 people as missing since 2022 - one daughter shares her heartbreaking story",-0.4166666666666667,England,GPE
18,The search for Ukraine's missing: 'No one could have foreseen this nightmare',"Ukraine has listed more than 61,000 people as missing since 2022 - one daughter shares her heartbreaking story",-0.4166666666666667,seven,CARDINAL
18,The search for Ukraine's missing: 'No one could have foreseen this nightmare',"Ukraine has listed more than 61,000 people as missing since 2022 - one daughter shares her heartbreaking story",-0.4166666666666667,day two,DATE
18,The search for Ukraine's missing: 'No one could have foreseen this nightmare',"Ukraine has listed more than 61,000 people as missing since 2022 - one daughter shares her heartbreaking story",-0.4166666666666667,one,CARDINAL
18,The search for Ukraine's missing: 'No one could have foreseen this nightmare',"Ukraine has listed more than 61,000 people as missing since 2022 - one daughter shares her heartbreaking story",-0.4166666666666667,Women's Ashes Test,WORK_OF_ART
18,The search for Ukraine's missing: 'No one could have foreseen this nightmare',"Ukraine has listed more than 61,000 people as missing since 2022 - one daughter shares her heartbreaking story",-0.4166666666666667,Melbourne,GPE
19,Lily-Rose Depp and Dua Lipa do Chanel: The best of Paris Haute Couture Week,"The biggest names in fashion unveil their new collections, with a host of celebrities on hand.",-0.4166666666666667,Australia,GPE
19,Lily-Rose Depp and Dua Lipa do Chanel: The best of Paris Haute Couture Week,"The biggest names in fashion unveil their new collections, with a host of celebrities on hand.",-0.4166666666666667,England,GPE
19,Lily-Rose Depp and Dua Lipa do Chanel: The best of Paris Haute Couture Week,"The biggest names in fashion unveil their new collections, with a host of celebrities on hand.",-0.4166666666666667,Australia,GPE
19,Lily-Rose Depp and Dua Lipa do Chanel: The best of Paris Haute Couture Week,"The biggest names in fashion unveil their new collections, with a host of celebrities on hand.",-0.4166666666666667,Annabel Sutherland,ORG
19,Lily-Rose Depp and Dua Lipa do Chanel: The best of Paris Haute Couture Week,"The biggest names in fashion unveil their new collections, with a host of celebrities on hand.",-0.4166666666666667,163,CARDINAL
19,Lily-Rose Depp and Dua Lipa do Chanel: The best of Paris Haute Couture Week,"The biggest names in fashion unveil their new collections, with a host of celebrities on hand.",-0.4166666666666667,England,GPE
19,Lily-Rose Depp and Dua Lipa do Chanel: The best of Paris Haute Couture Week,"The biggest names in fashion unveil their new collections, with a host of celebrities on hand.",-0.4166666666666667,seven,CARDINAL
19,Lily-Rose Depp and Dua Lipa do Chanel: The best of Paris Haute Couture Week,"The biggest names in fashion unveil their new collections, with a host of celebrities on hand.",-0.4166666666666667,day two,DATE
19,Lily-Rose Depp and Dua Lipa do Chanel: The best of Paris Haute Couture Week,"The biggest names in fashion unveil their new collections, with a host of celebrities on hand.",-0.4166666666666667,one,CARDINAL
19,Lily-Rose Depp and Dua Lipa do Chanel: The best of Paris Haute Couture Week,"The biggest names in fashion unveil their new collections, with a host of celebrities on hand.",-0.4166666666666667,Women's Ashes Test,WORK_OF_ART
19,Lily-Rose Depp and Dua Lipa do Chanel: The best of Paris Haute Couture Week,"The biggest names in fashion unveil their new collections, with a host of celebrities on hand.",-0.4166666666666667,Melbourne,GPE
20,Weekly quiz: What is the newest member of the Royal Family called?,How much attention did you pay to what has been going on in the world over the past seven days?,-0.4166666666666667,Australia,GPE
20,Weekly quiz: What is the newest member of the Royal Family called?,How much attention did you pay to what has been going on in the world over the past seven days?,-0.4166666666666667,England,GPE
20,Weekly quiz: What is the newest member of the Royal Family called?,How much attention did you pay to what has been going on in the world over the past seven days?,-0.4166666666666667,Australia,GPE
20,Weekly quiz: What is the newest member of the Royal Family called?,How much attention did you pay to what has been going on in the world over the past seven days?,-0.4166666666666667,Annabel Sutherland,ORG
20,Weekly quiz: What is the newest member of the Royal Family called?,How much attention did you pay to what has been going on in the world over the past seven days?,-0.4166666666666667,163,CARDINAL
20,Weekly quiz: What is the newest member of the Royal Family called?,How much attention did you pay to what has been going on in the world over the past seven days?,-0.4166666666666667,England,GPE
20,Weekly quiz: What is the newest member of the Royal Family called?,How much attention did you pay to what has been going on in the world over the past seven days?,-0.4166666666666667,seven,CARDINAL
20,Weekly quiz: What is the newest member of the Royal Family called?,How much attention did you pay to what has been going on in the world over the past seven days?,-0.4166666666666667,day two,DATE
20,Weekly quiz: What is the newest member of the Royal Family called?,How much attention did you pay to what has been going on in the world over the past seven days?,-0.4166666666666667,one,CARDINAL
20,Weekly quiz: What is the newest member of the Royal Family called?,How much attention did you pay to what has been going on in the world over the past seven days?,-0.4166666666666667,Women's Ashes Test,WORK_OF_ART
20,Weekly quiz: What is the newest member of the Royal Family called?,How much attention did you pay to what has been going on in the world over the past seven days?,-0.4166666666666667,Melbourne,GPE
21,"Home Office response to violence against women and girls ineffective, says watchdog","The government's spending watchdog finds the Home Office has ""not led an effective response"".",-0.4166666666666667,Australia,GPE
21,"Home Office response to violence against women and girls ineffective, says watchdog","The government's spending watchdog finds the Home Office has ""not led an effective response"".",-0.4166666666666667,England,GPE
21,"Home Office response to violence against women and girls ineffective, says watchdog","The government's spending watchdog finds the Home Office has ""not led an effective response"".",-0.4166666666666667,Australia,GPE
21,"Home Office response to violence against women and girls ineffective, says watchdog","The government's spending watchdog finds the Home Office has ""not led an effective response"".",-0.4166666666666667,Annabel Sutherland,ORG
21,"Home Office response to violence against women and girls ineffective, says watchdog","The government's spending watchdog finds the Home Office has ""not led an effective response"".",-0.4166666666666667,163,CARDINAL
21,"Home Office response to violence against women and girls ineffective, says watchdog","The government's spending watchdog finds the Home Office has ""not led an effective response"".",-0.4166666666666667,England,GPE
21,"Home Office response to violence against women and girls ineffective, says watchdog","The government's spending watchdog finds the Home Office has ""not led an effective response"".",-0.4166666666666667,seven,CARDINAL
21,"Home Office response to violence against women and girls ineffective, says watchdog","The government's spending watchdog finds the Home Office has ""not led an effective response"".",-0.4166666666666667,day two,DATE
21,"Home Office response to violence against women and girls ineffective, says watchdog","The government's spending watchdog finds the Home Office has ""not led an effective response"".",-0.4166666666666667,one,CARDINAL
21,"Home Office response to violence against women and girls ineffective, says watchdog","The government's spending watchdog finds the Home Office has ""not led an effective response"".",-0.4166666666666667,Women's Ashes Test,WORK_OF_ART
21,"Home Office response to violence against women and girls ineffective, says watchdog","The government's spending watchdog finds the Home Office has ""not led an effective response"".",-0.4166666666666667,Melbourne,GPE
22,German party could rely on far-right again for immigration vote,"CDU leader Friedrich Merz may need support in the Bundestag from the AfD, a move that has attracted wide condemnation.",-0.4166666666666667,Australia,GPE
22,German party could rely on far-right again for immigration vote,"CDU leader Friedrich Merz may need support in the Bundestag from the AfD, a move that has attracted wide condemnation.",-0.4166666666666667,England,GPE
22,German party could rely on far-right again for immigration vote,"CDU leader Friedrich Merz may need support in the Bundestag from the AfD, a move that has attracted wide condemnation.",-0.4166666666666667,Australia,GPE
22,German party could rely on far-right again for immigration vote,"CDU leader Friedrich Merz may need support in the Bundestag from the AfD, a move that has attracted wide condemnation.",-0.4166666666666667,Annabel Sutherland,ORG
22,German party could rely on far-right again for immigration vote,"CDU leader Friedrich Merz may need support in the Bundestag from the AfD, a move that has attracted wide condemnation.",-0.4166666666666667,163,CARDINAL
22,German party could rely on far-right again for immigration vote,"CDU leader Friedrich Merz may need support in the Bundestag from the AfD, a move that has attracted wide condemnation.",-0.4166666666666667,England,GPE
22,German party could rely on far-right again for immigration vote,"CDU leader Friedrich Merz may need support in the Bundestag from the AfD, a move that has attracted wide condemnation.",-0.4166666666666667,seven,CARDINAL
22,German party could rely on far-right again for immigration vote,"CDU leader Friedrich Merz may need support in the Bundestag from the AfD, a move that has attracted wide condemnation.",-0.4166666666666667,day two,DATE
22,German party could rely on far-right again for immigration vote,"CDU leader Friedrich Merz may need support in the Bundestag from the AfD, a move that has attracted wide condemnation.",-0.4166666666666667,one,CARDINAL
22,German party could rely on far-right again for immigration vote,"CDU leader Friedrich Merz may need support in the Bundestag from the AfD, a move that has attracted wide condemnation.",-0.4166666666666667,Women's Ashes Test,WORK_OF_ART
22,German party could rely on far-right again for immigration vote,"CDU leader Friedrich Merz may need support in the Bundestag from the AfD, a move that has attracted wide condemnation.",-0.4166666666666667,Melbourne,GPE
23,"Rwanda illegally occupying DR Congo, minister tells BBC","A Rwandan spokesperson denies the charges, saying it is trying to prevent the conflict spilling over.",-0.4166666666666667,Australia,GPE
23,"Rwanda illegally occupying DR Congo, minister tells BBC","A Rwandan spokesperson denies the charges, saying it is trying to prevent the conflict spilling over.",-0.4166666666666667,England,GPE
23,"Rwanda illegally occupying DR Congo, minister tells BBC","A Rwandan spokesperson denies the charges, saying it is trying to prevent the conflict spilling over.",-0.4166666666666667,Australia,GPE
23,"Rwanda illegally occupying DR Congo, minister tells BBC","A Rwandan spokesperson denies the charges, saying it is trying to prevent the conflict spilling over.",-0.4166666666666667,Annabel Sutherland,ORG
23,"Rwanda illegally occupying DR Congo, minister tells BBC","A Rwandan spokesperson denies the charges, saying it is trying to prevent the conflict spilling over.",-0.4166666666666667,163,CARDINAL
23,"Rwanda illegally occupying DR Congo, minister tells BBC","A Rwandan spokesperson denies the charges, saying it is trying to prevent the conflict spilling over.",-0.4166666666666667,England,GPE
23,"Rwanda illegally occupying DR Congo, minister tells BBC","A Rwandan spokesperson denies the charges, saying it is trying to prevent the conflict spilling over.",-0.4166666666666667,seven,CARDINAL
23,"Rwanda illegally occupying DR Congo, minister tells BBC","A Rwandan spokesperson denies the charges, saying it is trying to prevent the conflict spilling over.",-0.4166666666666667,day two,DATE
23,"Rwanda illegally occupying DR Congo, minister tells BBC","A Rwandan spokesperson denies the charges, saying it is trying to prevent the conflict spilling over.",-0.4166666666666667,one,CARDINAL
23,"Rwanda illegally occupying DR Congo, minister tells BBC","A Rwandan spokesperson denies the charges, saying it is trying to prevent the conflict spilling over.",-0.4166666666666667,Women's Ashes Test,WORK_OF_ART
23,"Rwanda illegally occupying DR Congo, minister tells BBC","A Rwandan spokesperson denies the charges, saying it is trying to prevent the conflict spilling over.",-0.4166666666666667,Melbourne,GPE
24,Natalie Cassidy to leave EastEnders after 32 years,"The actress will leave the soap in February, more than three decades after her first appearance.",-0.4166666666666667,Australia,GPE
24,Natalie Cassidy to leave EastEnders after 32 years,"The actress will leave the soap in February, more than three decades after her first appearance.",-0.4166666666666667,England,GPE
24,Natalie Cassidy to leave EastEnders after 32 years,"The actress will leave the soap in February, more than three decades after her first appearance.",-0.4166666666666667,Australia,GPE
24,Natalie Cassidy to leave EastEnders after 32 years,"The actress will leave the soap in February, more than three decades after her first appearance.",-0.4166666666666667,Annabel Sutherland,ORG
24,Natalie Cassidy to leave EastEnders after 32 years,"The actress will leave the soap in February, more than three decades after her first appearance.",-0.4166666666666667,163,CARDINAL
24,Natalie Cassidy to leave EastEnders after 32 years,"The actress will leave the soap in February, more than three decades after her first appearance.",-0.4166666666666667,England,GPE
24,Natalie Cassidy to leave EastEnders after 32 years,"The actress will leave the soap in February, more than three decades after her first appearance.",-0.4166666666666667,seven,CARDINAL
24,Natalie Cassidy to leave EastEnders after 32 years,"The actress will leave the soap in February, more than three decades after her first appearance.",-0.4166666666666667,day two,DATE
24,Natalie Cassidy to leave EastEnders after 32 years,"The actress will leave the soap in February, more than three decades after her first appearance.",-0.4166666666666667,one,CARDINAL
24,Natalie Cassidy to leave EastEnders after 32 years,"The actress will leave the soap in February, more than three decades after her first appearance.",-0.4166666666666667,Women's Ashes Test,WORK_OF_ART
24,Natalie Cassidy to leave EastEnders after 32 years,"The actress will leave the soap in February, more than three decades after her first appearance.",-0.4166666666666667,Melbourne,GPE
25,Drill rapper Digga D jailed for supplying cannabis,"The rapper, whose real name is Rhys Herbert, was arrested near Lincoln in February 2024.",-0.4166666666666667,Australia,GPE
25,Drill rapper Digga D jailed for supplying cannabis,"The rapper, whose real name is Rhys Herbert, was arrested near Lincoln in February 2024.",-0.4166666666666667,England,GPE
25,Drill rapper Digga D jailed for supplying cannabis,"The rapper, whose real name is Rhys Herbert, was arrested near Lincoln in February 2024.",-0.4166666666666667,Australia,GPE
25,Drill rapper Digga D jailed for supplying cannabis,"The rapper, whose real name is Rhys Herbert, was arrested near Lincoln in February 2024.",-0.4166666666666667,Annabel Sutherland,ORG
25,Drill rapper Digga D jailed for supplying cannabis,"The rapper, whose real name is Rhys Herbert, was arrested near Lincoln in February 2024.",-0.4166666666666667,163,CARDINAL
25,Drill rapper Digga D jailed for supplying cannabis,"The rapper, whose real name is Rhys Herbert, was arrested near Lincoln in February 2024.",-0.4166666666666667,England,GPE
25,Drill rapper Digga D jailed for supplying cannabis,"The rapper, whose real name is Rhys Herbert, was arrested near Lincoln in February 2024.",-0.4166666666666667,seven,CARDINAL
25,Drill rapper Digga D jailed for supplying cannabis,"The rapper, whose real name is Rhys Herbert, was arrested near Lincoln in February 2024.",-0.4166666666666667,day two,DATE
25,Drill rapper Digga D jailed for supplying cannabis,"The rapper, whose real name is Rhys Herbert, was arrested near Lincoln in February 2024.",-0.4166666666666667,one,CARDINAL
25,Drill rapper Digga D jailed for supplying cannabis,"The rapper, whose real name is Rhys Herbert, was arrested near Lincoln in February 2024.",-0.4166666666666667,Women's Ashes Test,WORK_OF_ART
25,Drill rapper Digga D jailed for supplying cannabis,"The rapper, whose real name is Rhys Herbert, was arrested near Lincoln in February 2024.",-0.4166666666666667,Melbourne,GPE
26,Last bike ridden by Hairy Biker up for auction,All the money raised is due to be donated to two charities close to Myers' heart.,-0.4166666666666667,Australia,GPE
26,Last bike ridden by Hairy Biker up for auction,All the money raised is due to be donated to two charities close to Myers' heart.,-0.4166666666666667,England,GPE
26,Last bike ridden by Hairy Biker up for auction,All the money raised is due to be donated to two charities close to Myers' heart.,-0.4166666666666667,Australia,GPE
26,Last bike ridden by Hairy Biker up for auction,All the money raised is due to be donated to two charities close to Myers' heart.,-0.4166666666666667,Annabel Sutherland,ORG
26,Last bike ridden by Hairy Biker up for auction,All the money raised is due to be donated to two charities close to Myers' heart.,-0.4166666666666667,163,CARDINAL
26,Last bike ridden by Hairy Biker up for auction,All the money raised is due to be donated to two charities close to Myers' heart.,-0.4166666666666667,England,GPE
26,Last bike ridden by Hairy Biker up for auction,All the money raised is due to be donated to two charities close to Myers' heart.,-0.4166666666666667,seven,CARDINAL
26,Last bike ridden by Hairy Biker up for auction,All the money raised is due to be donated to two charities close to Myers' heart.,-0.4166666666666667,day two,DATE
26,Last bike ridden by Hairy Biker up for auction,All the money raised is due to be donated to two charities close to Myers' heart.,-0.4166666666666667,one,CARDINAL
26,Last bike ridden by Hairy Biker up for auction,All the money raised is due to be donated to two charities close to Myers' heart.,-0.4166666666666667,Women's Ashes Test,WORK_OF_ART
26,Last bike ridden by Hairy Biker up for auction,All the money raised is due to be donated to two charities close to Myers' heart.,-0.4166666666666667,Melbourne,GPE
27,Millions yet to file tax returns as deadline looms,"People risk a penalty, the HMRC has warned, without a reasonable excuse for delays.",-0.4166666666666667,Australia,GPE
27,Millions yet to file tax returns as deadline looms,"People risk a penalty, the HMRC has warned, without a reasonable excuse for delays.",-0.4166666666666667,England,GPE
27,Millions yet to file tax returns as deadline looms,"People risk a penalty, the HMRC has warned, without a reasonable excuse for delays.",-0.4166666666666667,Australia,GPE
27,Millions yet to file tax returns as deadline looms,"People risk a penalty, the HMRC has warned, without a reasonable excuse for delays.",-0.4166666666666667,Annabel Sutherland,ORG
27,Millions yet to file tax returns as deadline looms,"People risk a penalty, the HMRC has warned, without a reasonable excuse for delays.",-0.4166666666666667,163,CARDINAL
27,Millions yet to file tax returns as deadline looms,"People risk a penalty, the HMRC has warned, without a reasonable excuse for delays.",-0.4166666666666667,England,GPE
27,Millions yet to file tax returns as deadline looms,"People risk a penalty, the HMRC has warned, without a reasonable excuse for delays.",-0.4166666666666667,seven,CARDINAL
27,Millions yet to file tax returns as deadline looms,"People risk a penalty, the HMRC has warned, without a reasonable excuse for delays.",-0.4166666666666667,day two,DATE
27,Millions yet to file tax returns as deadline looms,"People risk a penalty, the HMRC has warned, without a reasonable excuse for delays.",-0.4166666666666667,one,CARDINAL
27,Millions yet to file tax returns as deadline looms,"People risk a penalty, the HMRC has warned, without a reasonable excuse for delays.",-0.4166666666666667,Women's Ashes Test,WORK_OF_ART
27,Millions yet to file tax returns as deadline looms,"People risk a penalty, the HMRC has warned, without a reasonable excuse for delays.",-0.4166666666666667,Melbourne,GPE
28,BBC News app,"Top stories, breaking news, live reporting, and follow news topics that match your interests",-0.4166666666666667,Australia,GPE
28,BBC News app,"Top stories, breaking news, live reporting, and follow news topics that match your interests",-0.4166666666666667,England,GPE
28,BBC News app,"Top stories, breaking news, live reporting, and follow news topics that match your interests",-0.4166666666666667,Australia,GPE
28,BBC News app,"Top stories, breaking news, live reporting, and follow news topics that match your interests",-0.4166666666666667,Annabel Sutherland,ORG
28,BBC News app,"Top stories, breaking news, live reporting, and follow news topics that match your interests",-0.4166666666666667,163,CARDINAL
28,BBC News app,"Top stories, breaking news, live reporting, and follow news topics that match your interests",-0.4166666666666667,England,GPE
28,BBC News app,"Top stories, breaking news, live reporting, and follow news topics that match your interests",-0.4166666666666667,seven,CARDINAL
28,BBC News app,"Top stories, breaking news, live reporting, and follow news topics that match your interests",-0.4166666666666667,day two,DATE
28,BBC News app,"Top stories, breaking news, live reporting, and follow news topics that match your interests",-0.4166666666666667,one,CARDINAL
28,BBC News app,"Top stories, breaking news, live reporting, and follow news topics that match your interests",-0.4166666666666667,Women's Ashes Test,WORK_OF_ART
28,BBC News app,"Top stories, breaking news, live reporting, and follow news topics that match your interests",-0.4166666666666667,Melbourne,GPE
29,Newscast,"Adam, Chris, Alex and Faisal round up the political week.",-0.4166666666666667,Australia,GPE
29,Newscast,"Adam, Chris, Alex and Faisal round up the political week.",-0.4166666666666667,England,GPE
29,Newscast,"Adam, Chris, Alex and Faisal round up the political week.",-0.4166666666666667,Australia,GPE
29,Newscast,"Adam, Chris, Alex and Faisal round up the political week.",-0.4166666666666667,Annabel Sutherland,ORG
29,Newscast,"Adam, Chris, Alex and Faisal round up the political week.",-0.4166666666666667,163,CARDINAL
29,Newscast,"Adam, Chris, Alex and Faisal round up the political week.",-0.4166666666666667,England,GPE
29,Newscast,"Adam, Chris, Alex and Faisal round up the political week.",-0.4166666666666667,seven,CARDINAL
29,Newscast,"Adam, Chris, Alex and Faisal round up the political week.",-0.4166666666666667,day two,DATE
29,Newscast,"Adam, Chris, Alex and Faisal round up the political week.",-0.4166666666666667,one,CARDINAL
29,Newscast,"Adam, Chris, Alex and Faisal round up the political week.",-0.4166666666666667,Women's Ashes Test,WORK_OF_ART
29,Newscast,"Adam, Chris, Alex and Faisal round up the political week.",-0.4166666666666667,Melbourne,GPE
30,"Nick Cave, singer and writer","Nick Cave, singer and writer, shares the soundtrack of his life with Lauren Laverne.",-0.4166666666666667,Australia,GPE
30,"Nick Cave, singer and writer","Nick Cave, singer and writer, shares the soundtrack of his life with Lauren Laverne.",-0.4166666666666667,England,GPE
30,"Nick Cave, singer and writer","Nick Cave, singer and writer, shares the soundtrack of his life with Lauren Laverne.",-0.4166666666666667,Australia,GPE
30,"Nick Cave, singer and writer","Nick Cave, singer and writer, shares the soundtrack of his life with Lauren Laverne.",-0.4166666666666667,Annabel Sutherland,ORG
30,"Nick Cave, singer and writer","Nick Cave, singer and writer, shares the soundtrack of his life with Lauren Laverne.",-0.4166666666666667,163,CARDINAL
30,"Nick Cave, singer and writer","Nick Cave, singer and writer, shares the soundtrack of his life with Lauren Laverne.",-0.4166666666666667,England,GPE
30,"Nick Cave, singer and writer","Nick Cave, singer and writer, shares the soundtrack of his life with Lauren Laverne.",-0.4166666666666667,seven,CARDINAL
30,"Nick Cave, singer and writer","Nick Cave, singer and writer, shares the soundtrack of his life with Lauren Laverne.",-0.4166666666666667,day two,DATE
30,"Nick Cave, singer and writer","Nick Cave, singer and writer, shares the soundtrack of his life with Lauren Laverne.",-0.4166666666666667,one,CARDINAL
30,"Nick Cave, singer and writer","Nick Cave, singer and writer, shares the soundtrack of his life with Lauren Laverne.",-0.4166666666666667,Women's Ashes Test,WORK_OF_ART
30,"Nick Cave, singer and writer","Nick Cave, singer and writer, shares the soundtrack of his life with Lauren Laverne.",-0.4166666666666667,Melbourne,GPE
31,Man City draw Real & Celtic face Bayern in play-offs,Manchester City will play Real Madrid while Celtic will face Bayern Munich in the Champions League play-off round.,-0.4166666666666667,Australia,GPE
31,Man City draw Real & Celtic face Bayern in play-offs,Manchester City will play Real Madrid while Celtic will face Bayern Munich in the Champions League play-off round.,-0.4166666666666667,England,GPE
31,Man City draw Real & Celtic face Bayern in play-offs,Manchester City will play Real Madrid while Celtic will face Bayern Munich in the Champions League play-off round.,-0.4166666666666667,Australia,GPE
31,Man City draw Real & Celtic face Bayern in play-offs,Manchester City will play Real Madrid while Celtic will face Bayern Munich in the Champions League play-off round.,-0.4166666666666667,Annabel Sutherland,ORG
31,Man City draw Real & Celtic face Bayern in play-offs,Manchester City will play Real Madrid while Celtic will face Bayern Munich in the Champions League play-off round.,-0.4166666666666667,163,CARDINAL
31,Man City draw Real & Celtic face Bayern in play-offs,Manchester City will play Real Madrid while Celtic will face Bayern Munich in the Champions League play-off round.,-0.4166666666666667,England,GPE
31,Man City draw Real & Celtic face Bayern in play-offs,Manchester City will play Real Madrid while Celtic will face Bayern Munich in the Champions League play-off round.,-0.4166666666666667,seven,CARDINAL
31,Man City draw Real & Celtic face Bayern in play-offs,Manchester City will play Real Madrid while Celtic will face Bayern Munich in the Champions League play-off round.,-0.4166666666666667,day two,DATE
31,Man City draw Real & Celtic face Bayern in play-offs,Manchester City will play Real Madrid while Celtic will face Bayern Munich in the Champions League play-off round.,-0.4166666666666667,one,CARDINAL
31,Man City draw Real & Celtic face Bayern in play-offs,Manchester City will play Real Madrid while Celtic will face Bayern Munich in the Champions League play-off round.,-0.4166666666666667,Women's Ashes Test,WORK_OF_ART
31,Man City draw Real & Celtic face Bayern in play-offs,Manchester City will play Real Madrid while Celtic will face Bayern Munich in the Champions League play-off round.,-0.4166666666666667,Melbourne,GPE
32,"Six Nations predictions: Who will win, top try-scorer picks & Lions bolters","France or Ireland to win the Six Nations? What about England, Scotland and Wales' chances? Our BBC Radio 5 Live pundits make their predictions.",-0.4166666666666667,Australia,GPE
32,"Six Nations predictions: Who will win, top try-scorer picks & Lions bolters","France or Ireland to win the Six Nations? What about England, Scotland and Wales' chances? Our BBC Radio 5 Live pundits make their predictions.",-0.4166666666666667,England,GPE
32,"Six Nations predictions: Who will win, top try-scorer picks & Lions bolters","France or Ireland to win the Six Nations? What about England, Scotland and Wales' chances? Our BBC Radio 5 Live pundits make their predictions.",-0.4166666666666667,Australia,GPE
32,"Six Nations predictions: Who will win, top try-scorer picks & Lions bolters","France or Ireland to win the Six Nations? What about England, Scotland and Wales' chances? Our BBC Radio 5 Live pundits make their predictions.",-0.4166666666666667,Annabel Sutherland,ORG
32,"Six Nations predictions: Who will win, top try-scorer picks & Lions bolters","France or Ireland to win the Six Nations? What about England, Scotland and Wales' chances? Our BBC Radio 5 Live pundits make their predictions.",-0.4166666666666667,163,CARDINAL
32,"Six Nations predictions: Who will win, top try-scorer picks & Lions bolters","France or Ireland to win the Six Nations? What about England, Scotland and Wales' chances? Our BBC Radio 5 Live pundits make their predictions.",-0.4166666666666667,England,GPE
32,"Six Nations predictions: Who will win, top try-scorer picks & Lions bolters","France or Ireland to win the Six Nations? What about England, Scotland and Wales' chances? Our BBC Radio 5 Live pundits make their predictions.",-0.4166666666666667,seven,CARDINAL
32,"Six Nations predictions: Who will win, top try-scorer picks & Lions bolters","France or Ireland to win the Six Nations? What about England, Scotland and Wales' chances? Our BBC Radio 5 Live pundits make their predictions.",-0.4166666666666667,day two,DATE
32,"Six Nations predictions: Who will win, top try-scorer picks & Lions bolters","France or Ireland to win the Six Nations? What about England, Scotland and Wales' chances? Our BBC Radio 5 Live pundits make their predictions.",-0.4166666666666667,one,CARDINAL
32,"Six Nations predictions: Who will win, top try-scorer picks & Lions bolters","France or Ireland to win the Six Nations? What about England, Scotland and Wales' chances? Our BBC Radio 5 Live pundits make their predictions.",-0.4166666666666667,Women's Ashes Test,WORK_OF_ART
32,"Six Nations predictions: Who will win, top try-scorer picks & Lions bolters","France or Ireland to win the Six Nations? What about England, Scotland and Wales' chances? Our BBC Radio 5 Live pundits make their predictions.",-0.4166666666666667,Melbourne,GPE
33,Sutherland ton helps Australia punish sloppy England,"A dismal fielding performance from England, alongside Annabel Sutherland's sparkling century, gives Australia complete control of the one-off Test match in Melbourne.",-0.4166666666666667,Australia,GPE
33,Sutherland ton helps Australia punish sloppy England,"A dismal fielding performance from England, alongside Annabel Sutherland's sparkling century, gives Australia complete control of the one-off Test match in Melbourne.",-0.4166666666666667,England,GPE
33,Sutherland ton helps Australia punish sloppy England,"A dismal fielding performance from England, alongside Annabel Sutherland's sparkling century, gives Australia complete control of the one-off Test match in Melbourne.",-0.4166666666666667,Australia,GPE
33,Sutherland ton helps Australia punish sloppy England,"A dismal fielding performance from England, alongside Annabel Sutherland's sparkling century, gives Australia complete control of the one-off Test match in Melbourne.",-0.4166666666666667,Annabel Sutherland,ORG
33,Sutherland ton helps Australia punish sloppy England,"A dismal fielding performance from England, alongside Annabel Sutherland's sparkling century, gives Australia complete control of the one-off Test match in Melbourne.",-0.4166666666666667,163,CARDINAL
33,Sutherland ton helps Australia punish sloppy England,"A dismal fielding performance from England, alongside Annabel Sutherland's sparkling century, gives Australia complete control of the one-off Test match in Melbourne.",-0.4166666666666667,England,GPE
33,Sutherland ton helps Australia punish sloppy England,"A dismal fielding performance from England, alongside Annabel Sutherland's sparkling century, gives Australia complete control of the one-off Test match in Melbourne.",-0.4166666666666667,seven,CARDINAL
33,Sutherland ton helps Australia punish sloppy England,"A dismal fielding performance from England, alongside Annabel Sutherland's sparkling century, gives Australia complete control of the one-off Test match in Melbourne.",-0.4166666666666667,day two,DATE
33,Sutherland ton helps Australia punish sloppy England,"A dismal fielding performance from England, alongside Annabel Sutherland's sparkling century, gives Australia complete control of the one-off Test match in Melbourne.",-0.4166666666666667,one,CARDINAL
33,Sutherland ton helps Australia punish sloppy England,"A dismal fielding performance from England, alongside Annabel Sutherland's sparkling century, gives Australia complete control of the one-off Test match in Melbourne.",-0.4166666666666667,Women's Ashes Test,WORK_OF_ART
33,Sutherland ton helps Australia punish sloppy England,"A dismal fielding performance from England, alongside Annabel Sutherland's sparkling century, gives Australia complete control of the one-off Test match in Melbourne.",-0.4166666666666667,Melbourne,GPE
34,Gatland's Wales aim for Six Nations lift in France,"As Wales prepare to kick off the 2025 Six Nations away to France, Warren Gatland will hope for an unlikley repeat of 2019 Welsh heroics in Paris.",-0.4166666666666667,Australia,GPE
34,Gatland's Wales aim for Six Nations lift in France,"As Wales prepare to kick off the 2025 Six Nations away to France, Warren Gatland will hope for an unlikley repeat of 2019 Welsh heroics in Paris.",-0.4166666666666667,England,GPE
34,Gatland's Wales aim for Six Nations lift in France,"As Wales prepare to kick off the 2025 Six Nations away to France, Warren Gatland will hope for an unlikley repeat of 2019 Welsh heroics in Paris.",-0.4166666666666667,Australia,GPE
34,Gatland's Wales aim for Six Nations lift in France,"As Wales prepare to kick off the 2025 Six Nations away to France, Warren Gatland will hope for an unlikley repeat of 2019 Welsh heroics in Paris.",-0.4166666666666667,Annabel Sutherland,ORG
34,Gatland's Wales aim for Six Nations lift in France,"As Wales prepare to kick off the 2025 Six Nations away to France, Warren Gatland will hope for an unlikley repeat of 2019 Welsh heroics in Paris.",-0.4166666666666667,163,CARDINAL
34,Gatland's Wales aim for Six Nations lift in France,"As Wales prepare to kick off the 2025 Six Nations away to France, Warren Gatland will hope for an unlikley repeat of 2019 Welsh heroics in Paris.",-0.4166666666666667,England,GPE
34,Gatland's Wales aim for Six Nations lift in France,"As Wales prepare to kick off the 2025 Six Nations away to France, Warren Gatland will hope for an unlikley repeat of 2019 Welsh heroics in Paris.",-0.4166666666666667,seven,CARDINAL
34,Gatland's Wales aim for Six Nations lift in France,"As Wales prepare to kick off the 2025 Six Nations away to France, Warren Gatland will hope for an unlikley repeat of 2019 Welsh heroics in Paris.",-0.4166666666666667,day two,DATE
34,Gatland's Wales aim for Six Nations lift in France,"As Wales prepare to kick off the 2025 Six Nations away to France, Warren Gatland will hope for an unlikley repeat of 2019 Welsh heroics in Paris.",-0.4166666666666667,one,CARDINAL
34,Gatland's Wales aim for Six Nations lift in France,"As Wales prepare to kick off the 2025 Six Nations away to France, Warren Gatland will hope for an unlikley repeat of 2019 Welsh heroics in Paris.",-0.4166666666666667,Women's Ashes Test,WORK_OF_ART
34,Gatland's Wales aim for Six Nations lift in France,"As Wales prepare to kick off the 2025 Six Nations away to France, Warren Gatland will hope for an unlikley repeat of 2019 Welsh heroics in Paris.",-0.4166666666666667,Melbourne,GPE
35,Australia dominate as England fielding woes continue,Australia's Annabel Sutherland hit a sparkling 163 against a sloppy England side that dropped seven catches on day two of the one-off Women's Ashes Test match in Melbourne.,-0.4166666666666667,Australia,GPE
35,Australia dominate as England fielding woes continue,Australia's Annabel Sutherland hit a sparkling 163 against a sloppy England side that dropped seven catches on day two of the one-off Women's Ashes Test match in Melbourne.,-0.4166666666666667,England,GPE
35,Australia dominate as England fielding woes continue,Australia's Annabel Sutherland hit a sparkling 163 against a sloppy England side that dropped seven catches on day two of the one-off Women's Ashes Test match in Melbourne.,-0.4166666666666667,Australia,GPE
35,Australia dominate as England fielding woes continue,Australia's Annabel Sutherland hit a sparkling 163 against a sloppy England side that dropped seven catches on day two of the one-off Women's Ashes Test match in Melbourne.,-0.4166666666666667,Annabel Sutherland,ORG
35,Australia dominate as England fielding woes continue,Australia's Annabel Sutherland hit a sparkling 163 against a sloppy England side that dropped seven catches on day two of the one-off Women's Ashes Test match in Melbourne.,-0.4166666666666667,163,CARDINAL
35,Australia dominate as England fielding woes continue,Australia's Annabel Sutherland hit a sparkling 163 against a sloppy England side that dropped seven catches on day two of the one-off Women's Ashes Test match in Melbourne.,-0.4166666666666667,England,GPE
35,Australia dominate as England fielding woes continue,Australia's Annabel Sutherland hit a sparkling 163 against a sloppy England side that dropped seven catches on day two of the one-off Women's Ashes Test match in Melbourne.,-0.4166666666666667,seven,CARDINAL
35,Australia dominate as England fielding woes continue,Australia's Annabel Sutherland hit a sparkling 163 against a sloppy England side that dropped seven catches on day two of the one-off Women's Ashes Test match in Melbourne.,-0.4166666666666667,day two,DATE
35,Australia dominate as England fielding woes continue,Australia's Annabel Sutherland hit a sparkling 163 against a sloppy England side that dropped seven catches on day two of the one-off Women's Ashes Test match in Melbourne.,-0.4166666666666667,one,CARDINAL
35,Australia dominate as England fielding woes continue,Australia's Annabel Sutherland hit a sparkling 163 against a sloppy England side that dropped seven catches on day two of the one-off Women's Ashes Test match in Melbourne.,-0.4166666666666667,Women's Ashes Test,WORK_OF_ART
35,Australia dominate as England fielding woes continue,Australia's Annabel Sutherland hit a sparkling 163 against a sloppy England side that dropped seven catches on day two of the one-off Women's Ashes Test match in Melbourne.,-0.4166666666666667,Melbourne,GPE
